Library Name (Active);Library Code (Active);Permanent Call Number;Call Number Suffix;Description;Item Material Type;MMS Id;Author;Title;Edition;Publisher;Publication Place;Subjects;Date of Publication;Publication Date;Language Code;Holding Id;Provenance name;New Shelfmark;Previous Shelfmark;Copy specific note;Physical Description;SOLO Link;copy identified?;regC-ID;RegC-shelfmark;Confidence;;
Weston Library;WESBL;(Vet.) Per. 3977 d.161;;;Book;990104522620107026;;Acta Eruditorum;;;Lipsiae;;1719;1719;;;;;;;;https://solo.bodleian.ox.ac.uk/discovery/search?query=any,contains,990104522620107026&tab=Everything&search_scope=MyInst_and_CI&vid=44OXF_INST:SOLO;copy-identified;regC-bib-ActaEruditorum1719;CC 44 Th.;;;
;;;;;;990135456420107026;Aristides, Aelius;Aelii Aristidis Adrianensis Opera omnia Graece & Latine, : in duo volumina distributa;;;Oxonii;E Theatro Sheldoniano;1722;;;;;;;;;;not-identified;regC-bib-Aristides1722;;high;;
;;;;;;990135249730107026;Robert, of Avesbury;Roberti de Avesbury Historia de mirabilibus gestis Edvard: III. descripsit ediditque Tho. Hearnius;;;Oxonii;e Theatro Sheldoniano;1720;;;;;;;;;;not-identified;regC-bib-Avesbury1720;;;;
Weston Library;WESBL;FF 34 Th.;;;Book;990141954320107026;Bernardinus de s. Antonio frater.;Epitome generalium redemptionū captiuorum, quæ a fratribus Ordinis S.mæ Trinitatis sunt factæ. [With] Additionis liber tertius.;;;Vlyssip.;;1623;(1623);;221814012170007026;Fletcher, Stephen, 1680-1727, seller.;;;"!!! 17/18-century blind-tooled calf over pasteboards, gilt-tooled spine, red-edged leaves. Shelfmark numbers written across the fore edge in black ink twice, one partly obscured by red ink smudge. Formerly chained; staple-marks of a hasp at the top of the upper cover.; !!! Fletcher, Stephen, 1680-1727, seller.; !!! Purchased by the Bodleian in 1719 for £0. 1. 6. from Stephen Fletcher, bookseller; see Register C (Library Record c. 854), pencil fol. 10r for 1720, with note on purchase arrangements.; !!! Partly damaged bookseller's rectangular white paper label at the top of the spine numbered '[?]8' in black ink.; !!! 21 cm.";006180009;https://solo.bodleian.ox.ac.uk/discovery/search?query=any,contains,990141954320107026&tab=Everything&search_scope=MyInst_and_CI&vid=44OXF_INST:SOLO;copy-identified;reg-C-bib-Bernardinus1623;;;;
Weston Library;WESBL;AA 37 Jur.;;AA 37 Jur.;Book;990205807710107026;Bonifacio, Baldassarre, 1585-1659, author.;Balthassaris Bonifacii ludicra historia /;;M DC LII Apud Paulum Baleonium;Venetiis, :;Wit and humor--Early works to 1800.;1652;[1652];lat;221913858400007026;;;;;006417456;https://solo.bodleian.ox.ac.uk/discovery/search?query=any,contains,990205807710107026&tab=Everything&search_scope=MyInst_and_CI&vid=44OXF_INST:SOLO;copy-identified;regC-bib-Bonifacio1652;;;;
;;;;;;;Bruyn, Cornelis de, 1652-1726 or 7.;Voyages de Corneille Le Brun par la Moscovie, en Perse, et aux Indes Orientales. : Ouvrage enrichi de plus de 320 tailles douces ... On y a ajoûté la route qu'a suivie Mr. Isbrants, ambassadeur de Moscovie, en traversant la Russie & la Tartarie, pour se rendre à la Chine. Et quelques remarques contre Mrs. Chardin & Kempfer. Avec une lettre écrite à l'auteur, sur ce sujet..;;;A Amsterdam;Chez les Freres Wetstein;1718;1718;;;;;;;;https://solo.bodleian.ox.ac.uk/permalink/44OXF_INST/35n82s/alma990137117820107026;not-identified;regC-bib-Bruyn1718;B 6.3,4 Art.;high;;
Weston Library;WESBL;FF 31 Th.;;FF 31 Th.;Book;990138814190107026;Crakanthorpe, Richard, 1567-1624.;Defensio Ecclesiæ Anglicanæ, contra M ... a. de Dominis iniurias, opus posthumum a I. Barkham ed.;;ex typographia Bibliopolarum;Lond.;"De Dominis, Marco Antonio,--1560-1624; Theology Miscellaneous Christian texts English pre20";1625;1625;;221746030810007026;"Fletcher, Stephen, 1680-1727, seller.; Woodroffe, Benjamin, 1638-1711, former owner.";;;"!!! 17/18-century mottled and tooled calf (fillets only). Former shelfmark number written across the fore edge in black ink twice, one partly obscured by ink smudge. Formerly chained; staple-marks of a hasp at the top of the upper cover.; !!! Shelf-mark on title page corrected from ""A.A. 31 Th."" to present shelf-mark. Marginal notes and underlinings in black and brown ink as well as in pencil.; !!! Fletcher, Stephen, 1680-1727, seller.; !!! Woodroffe, Benjamin, 1638-1711, former owner.; !!! Purchased by the Bodleian in 1719 for £0. 1. 6. from Stephen Fletcher, bookseller; see Register C (Library Record c. 854), pencil fol. 10r for 1720, with note on purchase arrangements. Owner's name B. Woodroffe in black ink on front pasteboard.; !!! 22 cm.";005836055;https://solo.bodleian.ox.ac.uk/discovery/search?query=any,contains,990138814190107026&tab=Everything&search_scope=MyInst_and_CI&vid=44OXF_INST:SOLO;copy-identified;regC-bib-Crakanthorp1625;;;;
Weston Library;WESBL;G 3.11 Th.;;;Book;990140066620107026;Cyril, Saint, Bishop of Jerusalem, approximately 315-386;Tou en hagiois patros hēmōn Kurillou ... ta heuriskomena panta ... cum nova interpretatione studio A.A. Toultée.;;;Par.;;1720;;;;;;;;;https://solo.bodleian.ox.ac.uk/permalink/44OXF_INST/35n82s/alma990140066620107026;copy-identified;regC-bib-Cyril1720;J 4.17 Th.;;;
Weston Library;WESBL;L 3.12,13 Th.;;;Book;990145533300107026;Dorscheus, Joannes Georgius.;"Joh. Georg. Dorschei Biblia numerata; seu, Index specialis in Vetus (Novum) Testamentum, auctus a J. Grambsio.";;;Francof. a. M.;Bible Concordances.;1674;1674;;221779043890007026;;;;;006567064;https://solo.bodleian.ox.ac.uk/discovery/search?query=any,contains,990145533300107026&tab=Everything&search_scope=MyInst_and_CI&vid=44OXF_INST:SOLO;copy-identified;regC-bib-Dorscheus1674;;;;
Weston Library;WESBL;8° C 81 Jur.;;;Book;990135340130107026;Du-Bois, P. B.;"Useful reflections on several subjects, suited to the present times: each chapter beginning with a diverting fable; to which is added a proper moral: with curious observations from the best histories. Done into English, from a French manuscript, by P. B. Du-Bois.";;Printed for the author and are to be sold by Anth Peisley and Will Wells in Oxford;[Oxford] :;;1721;1721.;eng;221744579340007026;;;;"!!! 18th-century panelled calf over pasteboards with sprinkled red-edged leaves. Shelfmark in black ink on fore edge; !!! See Register C (Library Record c. 854), pencil fol. 9r for 1720 and 20r for 1721, detailing that the book was subscribed for by the Bodleian with a first payment of £ 0-2-0 in 1720 and a second payment of the same amount in 1721.; !!! 21 cm.";005412909;https://solo.bodleian.ox.ac.uk/discovery/search?query=any,contains,990135340130107026&tab=Everything&search_scope=MyInst_and_CI&vid=44OXF_INST:SOLO;copy-identified;regC-bib-Du-Bois1721;;middle;;
Weston Library;WESBL;Mus. Bibl. II. 66;;;Book;990108430110107026;Ernulf, Bishop of Rochester, 1040-1124, author. ;Textus Roffensis. : Accedunt, Professionum antiquorum Angliæ Episcoporum formulæ, de canonica obedientia Archiepiscopis Cantuariensibus præstanda, et Leonardi Hutteni Dissertatio, Anglice conscripta, de antiquitatibus Oxoniensibus.;;E Theatro Sheldoniano;Oxonii;;1720;[1720];;;;;;;;;copy-identified;regC-bib-Ernulf1720;8° P 94 Jur.;;;
Weston Library;WESBL;8° D 70 Jur.;;;Book;990148132190107026;Falster, Christian.;Christiani Falsteri Supplementum lingvæ Latinæ,sive, Observationes ad lexicon Fabro-Cellarianum, ed. mdccx. Adjectis notis cum præfatione S. Lintrupii.;;;Flensburgi;;1717;1717;;221908010590007026;;;;"!!! 18th-century sprinkled and plain blind-tooled calf over pasteboards; sprinkled red-edged leaves. Shelfmark written in black ink on fore edge and shelfmark number written in white on the spine.; !!! Bought by the Bodleian in 1720 for £ 0-3-6; see Register C (Library Record c. 854), pencil fol. 11r for 1720.; !!! 18 cm.";006851975;https://solo.bodleian.ox.ac.uk/discovery/search?query=any,contains,990148132190107026&tab=Everything&search_scope=MyInst_and_CI&vid=44OXF_INST:SOLO;copy-identified;regC-bib-Falster1717;;;;
Weston Library;WESBL;AA 25-27 Jur.;;AA 25-27 Jur.;Book;990144329390107026;Galilei, Galileo, 1564-1642.;Opere de Galileo Galilei. Nuova ed. [ed. by T. Buonaventuri, G. Grandi and B. Bresciani].;;;Firenze;Association copies (Provenance)--Mortara;1718;1718;;221641340900007026;;;;"!!! 18th-century sprinkled and plain blind-tooled panelled calf over pasteboards. Blind-tooled edges. Sprinkled green and red-edged leaves. Shelfmark number written on spine in white and twice across fore edge in black ink, once partly obscured by red ink. Formerly chained; staple marks of a hasp on top of upper cover.; !!! Bought by the Bodleian in 1720 for £ 1-10-0 (for three volumes); see Register C (Library Record c. 854), pencil fol. 12.; !!! 26 cm.";006436911;https://solo.bodleian.ox.ac.uk/discovery/search?query=any,contains,990144329390107026&tab=Everything&search_scope=MyInst_and_CI&vid=44OXF_INST:SOLO;copy-identified;regC-bib-Galilei1718;;;;
Weston Library;WESBL;AA 30 Jur.;;;Book;990140826430107026;Garofalo, Biagio.;B. Caryophili ... dissertationum miscellanearum pars prima [ed. by T.M. Minorellus].;;;Romæ;;1718;1718;;221669012120007026;;;;"!!! 18th-century sprinkled blind-tooled panelled calf over pasteboards. Blind-tooled edges. Sprinkled green and red-edged leaves. Shelfmark number written on spine in white and twice across fore edge in black ink, once partly obscured by red ink. Formerly chained; staple marks of a hasp on top of upper cover.; !!! Bought by the Bodleian in 1720 for £ 0-12-0; see Register C (Library Record c. 854), pencil fol. 12.; !!! 25 cm.";006055406;https://solo.bodleian.ox.ac.uk/discovery/search?query=any,contains,990140826430107026&tab=Everything&search_scope=MyInst_and_CI&vid=44OXF_INST:SOLO;copy-identified;regC-bib-Garofalo1718;;;;
Weston Library;WESBL;FF 37 Th.;;;Book;990143776200107026;Geier, Martin, 1614-1680.;Prælectiones academicæ in Danielem prophetam.;;;Lips.;Bible. Daniel;1667;1667;;222003764820007026;"Isham, Zacheus, 1651-1705, former owner.; Fletcher, Stephen, 1680-1727, seller.";;;"!!! 17/18-century tooled (fillets only) mottled claf over pasteboards with mottled red and green-edged leaves. Shelfmark number written across the fore edge in black ink twice, one partly obscured by ink smudge. Formerly chained; staple-marks of a hasp at the top of the upper cover.; !!! Name of previous owner inscribed and crossed out: ""Z: Isham. 1690.""; !!! Isham, Zacheus, 1651-1705, former owner.; !!! Fletcher, Stephen, 1680-1727, seller.; !!! Purchased by the Bodleian in 1719 for £0. 2. 6. from Stephen Fletcher, bookseller; see Register C (Library Record c. 854), pencil fol. 10r for 1720, with note on purchase arrangements.; !!! Bookseller's rectangular white paper label at the top of the spine numbered '300' in black ink.";006376529;https://solo.bodleian.ox.ac.uk/discovery/search?query=any,contains,990143776200107026&tab=Everything&search_scope=MyInst_and_CI&vid=44OXF_INST:SOLO;copy-identified;regC-bib-Geier1667;;;;
;;B 26.60 Linc.;;;;990140698230107026;Gramaye, Jean-Baptiste;I.B. Gramaye Primitiæ antiquitatum Gandensium. (Antiquitatum Gandensium volumen altera);;;Antu.;;1611;;;;;;;;;;copy-identified;regC-bib-Gramaye1611;;;;
Weston Library;WESBL;FF 36 Th.;;;Book;990143006840107026;Grawerus, Albertus.;Absurda, absurdorum absurdissima, Calvinistica absurda. Keckermanno opposita.;Ed. 3a. Item, Analysis quæstionum theologo-physicarum, Bartholomæ.;;Jenæ;"Calvin, Jean,--1509-1564; Theology Miscellaneous pre20";1618;1618;;221824225240007026;"Fletcher, Stephen, 1680-1727, seller.; Mumius, Johannes, former owner.";;;"!!! 17th-cenury parchment with red-edged leaves, title and author's name written on spine in black ink. Shelfmark numbers written across the fore edge in black ink twice, one partly obscured by ink smudge. Formerly chained; staple-marks of a hasp at the bottom of the lower cover.; !!! Partly unread name on paste-down: ""Johannes Mumius(?)""; !!! Unread inscription on paste-down.; !!! Fletcher, Stephen, 1680-1727, seller.; !!! Mumius, Johannes, former owner.; !!! Purchased by the Bodleian in 1719 for £0. 1. 0. from Stephen Fletcher, bookseller; see Register C (Library Record c. 854), pencil fol. 10r for 1720, with note on purchase arrangements.; !!! Partly torn off bookseller's rectangular white paper label at the bottom of the spine numbered '39' in black ink.; !!! 20 cm.";006293464;https://solo.bodleian.ox.ac.uk/discovery/search?query=any,contains,990143006840107026&tab=Everything&search_scope=MyInst_and_CI&vid=44OXF_INST:SOLO;copy-identified;regC-bib-Grawerus1618;;;;
Weston Library;WESBL;AA 48 Jur.;;AA 48 Jur.;Book;990144314170107026;Grollier de Servière, Gaspard.;Recueil d'ouvrages curieux de mathématique et de mécanique, ou Description du cabinet de monsieur Grollier de Servière, par son petit fils.;;;Lyon;Association copies (Provenance)--Douce;1719;1719;;222018213800007026;;;;"!!! 18th-century ink-tooled (fillets, fleuron and rule) sprinkled calf over pasteboards with mottled red- and green-edged leaves. Formerly chained; staple marks of a hasp on top of upper cover. Shelfmark number 48 written in black ink on spine and twice on fore edge, once partly obscured by red ink smudge.; !!! Bought by the Bodleian in 1720 for £ 0. 13. 0; see Register C (Library Record c. 854), pencil fol. 12.; !!! 26 cm.";006435323;https://solo.bodleian.ox.ac.uk/discovery/search?query=any,contains,990144314170107026&tab=Everything&search_scope=MyInst_and_CI&vid=44OXF_INST:SOLO;copy-identified;regC-bib-Grollier1719;;;;
Weston Library;WESBL;CC 1,2 Jur.;;;Book;990141864830107026;Guglielmini, Giovanni Domenico.;Dominici Gulielmini ... opera omnia mathematica, hydraulica, medica, et physica.;;;Genevæ;;1719;1719;;221854079890007026;;;;;006170236;https://solo.bodleian.ox.ac.uk/discovery/search?query=any,contains,990141864830107026&tab=Everything&search_scope=MyInst_and_CI&vid=44OXF_INST:SOLO;copy-identified;regC-bib-Guglielmini1719;;;;
Weston Library;WESBL;FF 35 Th.;;;Book;990147889130107026;Gürtler, Nicolaus.;Nicolai Gürtleri ... Institutiones theologicæ.;;;Amst.;;1694;1694;;221954484760007026;Fletcher, Stephen, 1680-1727, seller.;;;"!!! 17/18-century blind-tooled mottled calf over pasteboards, mottled green and red-edged leaves. On both covers intersecting fillets form frames, with an ornamental roll and fleurons at the edges. Shelfmark numbers written across the fore edge in black ink twice, one partly obscured by red ink smudge, partly obscured also the author's name and the title. Formerly chained; staple-marks of a hasp at the top of the upper cover.; !!! Fletcher, Stephen, 1680-1727, seller.; !!! Purchased by the Bodleian in 1719 for £0. 4. 0. from Stephen Fletcher, bookseller; see Register C (Library Record c. 854), pencil fol. 10r for 1720, with note on purchase arrangements.; !!! Bookseller's rectangular white paper label at the top of the spine, number unread, in black ink.; !!! 22 cm.";006824426;https://solo.bodleian.ox.ac.uk/discovery/search?query=any,contains,990147889130107026&tab=Everything&search_scope=MyInst_and_CI&vid=44OXF_INST:SOLO;copy-identified;regC-bib-Gürtler1694;;;;
Weston Library;WESBL;Mus. Bibl. II. 63;;;Book;990132537230107026;Hearne, Thomas, 1678-1735;A collection of curious discourses, : written by eminent antiquaries upon several heads in our English antiquities, ;;Printed at the Theatre;Oxford;;1720;1720;;;;;;;;https://solo.bodleian.ox.ac.uk/discovery/search?query=any,contains,990132537230107026&tab=Everything&search_scope=MyInst_and_CI&vid=44OXF_INST:SOLO;copy-identified;regC-bib-Hearne1720;8° D 48 Jur.;;;
Weston Library;WESBL;C 16.11 Th.;;;Book;990130888040107026;Hippolytus, Antipope, approximately 170-235 or 236.;S. Hippolyti episcopi et martyris Opera, : non antea collecta, et partem nunc primum e MSS. in lucem edita Græce et Latine. Accedunt virorum doctorum notæ et animadversiones, ac præter aliorum commentarios in monumentum paschale Sancti Martyris tabula triplici ænea expressum, dissertationes integræ virorum clarissimorum Francisci Blanchini, et Jo. Vignolii, atque ex Virginii Valsechii et Philippi a Turre scriptis excerpta S. Hippolytum spectantia. Subjuncta appendix scriptorum dubiorum, supposititiorumque, nec non quæcunque reperiri potuere ex lucubrationibus Hippolyti Junioris Thebani. /;;Sumtu Christiani Liebezeit;Hamburgi, :;Christian literature, Early--Greek authors--Early works to 1800.;1716;Anno Christiano 1716. [-M DCC XIIX.].;lat;221663651520007026;;;;;005940397;https://solo.bodleian.ox.ac.uk/discovery/search?query=any,contains,990130888040107026&tab=Everything&search_scope=MyInst_and_CI&vid=44OXF_INST:SOLO;copy-identified;regC-bib-Hippolytus1716;E 4.3 Th.;;;
;;8° M 23(4) Linc.;;;;990148336650107026;Hjärne, Urban;Xylobalsamum artificiale, cujus beneficio res quælibet ligneæ quin & aliæ multæ â putredine & corruptione possunt conservari. Cum versione Lat.;;;Amst. &c.;;1719;;;;;;;;;;copy-identified;regC-bib-Hjaerne1719;;;;
Weston Library;WESBL;8° D 71 Jur.;;;Book;990144441750107026;Huet, Pierre-Daniel, 1630-1721. 1630-1721;Pet. Dan. Huetii ... Commentarius de rebus ad eum pertinentibus.;;;Amst.;;1718;1718;;221897477580007026;;;;;006448999;https://solo.bodleian.ox.ac.uk/discovery/search?query=any,contains,990144441750107026&tab=Everything&search_scope=MyInst_and_CI&vid=44OXF_INST:SOLO;copy-identified;regC-bib-Huet1718;;;;
Weston Library;WESBL;8° X 68,69 Th.;;8° X 68,69 Th.;Book;990135042490107026;Johnson, John, 1662-1725;A collection of all the ecclesiastical laws, canons, answers, or rescripts, with other memorials concerning the government, discipline and worship of the Church of England, from its first foundation to the Conquest, that have hitherto been publish'd in the Latin and Saxonic tongues. And of all the canons and constitutions ecclesiastical, made since the Conquest and before the Reformation, in any National Council, or in the provincial synods of Canterbury and York, that have hitherto been publish'd in the Latin tongue. Now first translated into English with explanatory notes, and such glosses from Lyndwood and Athone, as were thought most useful. Part the First. [- Second.] /;;Printed for Robert Knaplock in St Paul's Church-Yard and Samuel Ballard in Little-Britain;London: :;"Church of England--Government--Early works to 1800.; Church of England--Politics and government--Early works to 1800.; Christianity--Great Britain--Early works to 1800.; Ecclesiastical law--Great Britain--Early works to 1800.";1720;MDCCXX. [1720];eng;221742987240007026;;;;;005352202;https://solo.bodleian.ox.ac.uk/discovery/search?query=any,contains,990135042490107026&tab=Everything&search_scope=MyInst_and_CI&vid=44OXF_INST:SOLO;copy-identified;regC-bib-Johnson1720;;;;
Weston Library;WESBL;8° Z 412 Th.;;;Book;990140557270107026;Le Neve, John, 1679-1741.;The lives and characters [&c.] of all the Protestant bishops of the Church of England since ... 1559. Vol.1. [in 2 pt. No more publ.].;;;Lond.;;1720;1720;;221850572410007026;;;;;006026040;https://solo.bodleian.ox.ac.uk/discovery/search?query=any,contains,990140557270107026&tab=Everything&search_scope=MyInst_and_CI&vid=44OXF_INST:SOLO;copy-identified;regC-bib-Le_Neve1720;;;;
;;;;;;;;;;;;;;;;;;;;;;;;;;;;
;;;;;;;Leotaud, Vincent, 1595-1672;Examen circuli quadraturae hactenus editarum celeberrimae, : quam Apollonius alter, magno illo Pergaeo non minor geometra, R. P. Gregorius a Sancto Vincentio Societatis Iesu exposuit.;;;;;1654;;;;;;;;;;not-identified;regC-bib-Leotaud1654;AA 35 Jur.;middle;;
Weston Library;WESBL;8° Y 361 BS;;;Book;990144692230107026;Lewis, Thomas, 1689-1749?;The Scourge: in vindication of the Church of England. To which are added, i. The danger of the Church-establishment of England, from the insolence of Protestant dissenters. ii. The anatomy of the heretical synod of dissenters at Salters-hall. By T.L.;;;Lond.;;1720;1720;;;;;;;;https://solo.bodleian.ox.ac.uk/discovery/search?query=any,contains,990144692230107026&tab=Everything&search_scope=MyInst_and_CI&vid=44OXF_INST:SOLO;copy-identified;regC-bib-Lewis1720;FF 13 Th.;;;
Weston Library;WESBL;FF 32 Th. (1);(1);;Book;990147366200107026;Linden, Henricus Antonides van der praeses.;Theses theologicæ de sponsa Christi.;;;Franekeræ;;1597;1597;;221888709420007026;"Poppio, Eduardo.; Fletcher, Stephen, 1680-1727, seller.";;;"!!! Vellum over pasteboards. Mottled red edged leaves. Formerly chained; staple marks of a hasp on top of upper cover. Five strips of an unidentified medieval parchment manuscript used as reinforcement. Shelfmark number 32 written in black ink on spine and on fore edge.; !!! Inscribed on title page: ""Eduardo Poppio d. ..."".; !!! Poppio, Eduardo.; !!! Fletcher, Stephen, 1680-1727, seller.; !!! Purchased by the Bodleian in 1719 for £0. 2. 6. from Stephen Fletcher, bookseller; see Register C (Library Record c. 854), pencil fol. 10r for 1720, with note on purchase arrangements.; !!! 21 cm.; !!! Bound with 113 other items.";006767066;https://solo.bodleian.ox.ac.uk/discovery/search?query=any,contains,990147366200107026&tab=Everything&search_scope=MyInst_and_CI&vid=44OXF_INST:SOLO;copy-identified;regC-bib-Linden1597;;;;
Weston Library;WESBL;8° M 236 Th.;;8° M 236 Th.;Book;990135535610107026;Lux, William, 1694?-;Poems on several occasions: viz. The garden. The phænomenon, a poem on the late surprizing meteor, seen in the sky, Mar. 19th. 1719. A vision, ...;;printed by Leon Lichfield for Stephen Fletcher and are to be sold by James Knapton London and by Corn Crownfield in Cambridge;Oxford :;;1719;1719.;eng;221788813210007026;;;;;005452860;https://solo.bodleian.ox.ac.uk/discovery/search?query=any,contains,990135535610107026&tab=Everything&search_scope=MyInst_and_CI&vid=44OXF_INST:SOLO;copy-identified;regC-bib-Lux1719;;;;
;;;;;;;Mabillon, Jean, 1632-1707;Librorum de re diplomatica supplementum. : In quo archetypa in his libris pro regulis proposita, ipsæque regulæ denuo confirmantur, novisque speciminibus & argumentis asseruntur & illustrantur.;;;;;1704;;;;;;;;;;not-identified;regC-bib-Mabillon1704;C 4.15 Jur.;middle;;
Weston Library;WESBL;FF 38 Th.;;;Book;990140393530107026;Maccovius, Johannes.;Johannes Maccovius redivivus: sive, manuscripta ejus typis exscripta, continens, Theologiam polemicam, Prōton pseudos pontificiorum [&c.], Casus conscientiae ad normam doctrinæ Socinianæ, anti-Socinum, cum appendice de atheis, procurante N. Arnoldo.;Ed. altera, locupletior & correctior.;;Franequeræ;;1654;1654;;221667106770007026;Fletcher, Stephen, 1680-1727, seller.;;;"!!! 17th/18th-century blind-tooled (fillets and a repeated small fleuron only) sprinkled calf over pasteboards with mottled red-edged leaves. Formerly chained; staple-marks of a hasp at the head of the upper cover. Shelfmark number '38' written across the fore- edge in black ink twice, one partly obscured by red ink smudge.; !!! Fletcher, Stephen, 1680-1727, seller.; !!! Purchased by the Bodleian in 1719 for £0. 3. 6. from Stephen Fletcher, bookseller; see Register C (Library Record c. 854), pencil fol. 10r for 1720, with note on purchase arrangements.; !!! Bookseller's rectangular white paper label at the head of the spine numbered '32' changed to '42' in black ink; bookseller unidentified.; !!! 21 cm.";006008066;https://solo.bodleian.ox.ac.uk/discovery/search?query=any,contains,990140393530107026&tab=Everything&search_scope=MyInst_and_CI&vid=44OXF_INST:SOLO;copy-identified;reg-C-bib-Maccovius1654;;;;
Weston Library;WESBL;S 2.14,15 Th.;;;Book;990148549290107026;Menochio, Giovanni Stefano.;R.p. Joan. Stephani Menochii ... Commentarii totius s. Scripturæ.;Ed. novissima, huic accessit suppl.;;Lutec. Par.;Bible.;1719;1719;;221730313950007026;;;;;006898439;https://solo.bodleian.ox.ac.uk/discovery/search?query=any,contains,990148549290107026&tab=Everything&search_scope=MyInst_and_CI&vid=44OXF_INST:SOLO;copy-identified;regC-bib-Menochio1719;S 12.14,15 Th.;;;
;;;;;;;Meyer, Jacques de, 1491-1552;Commentarii siue annales rerum Flandricarum libri septendecim;;In ædibus Ioannis Steelsii;Antuerpiæ;;1561;M.D.LXI;;;;;;;;https://solo.bodleian.ox.ac.uk/permalink/44OXF_INST/35n82s/alma990136384690107026;not-identified;regC-bib-Meyer1561;fol. B 5.1 Art.;middle;;
Weston Library;WESBL;AA 36 Jur.;;AA 36 Jur.;Book;990146819860107026;Münster, Sebastian, 1489-1552.;Horologiographia, post priorem æd. recogn. & aucta.;;;Basil.;"Association copies (Provenance)--Savile; Science Miscellaneous pre20";1533;1533;;221759067470007026;Fletcher, Stephen, 1680-1727, seller.;;;"!!! 17th-century blind-tooled calf over paste boards; two ties lost. On both covers intersecting fillets form frames, with an ornamental roll and foliate stamp as centrepiece. Shelfmark numbers written across the fore edge in black ink twice, one partly obscured by ink smudge, and on the head of the spine in white. Smudges of white paint across the outside of the lower cover. Name of the author written across the fore edge in black ink in a 16th-century hand (?). Two pieces of an unidentified medieval parchment manuscript used as reinforcement.; !!! ""Scientia inflat, charitas edificat. ..."" in a 16th-century hand in black ink on tt4v.; !!! Fletcher, Stephen, 1680-1727, seller.; !!! Purchased by the Bodleian in 1719 for £0. 2. 0. from Stephen Fletcher, bookseller; see Register C (Library Record c. 854), pencil fol. 10r for 1720, with note on purchase arrangements.; !!! 22 cm.";006707084;https://solo.bodleian.ox.ac.uk/discovery/search?query=any,contains,990146819860107026&tab=Everything&search_scope=MyInst_and_CI&vid=44OXF_INST:SOLO;copy-identified;regC-bib-Münster1533;;;;
Weston Library;WESBL;R 1.7 Jur.;;R 1.7 Jur.;Book;990135290490107026;Nicolson, William, 1655-1727.;The English historical library. : In three parts. Giving a short view and character of most of our historians either in print or manuscript: with an account of our records, law-books, coins, and other matters serviceable to the undertakers of a general history of England. The second edition corrected and augmented. /;;Printed for Timothy Childe at the White-Hart and Robert Knaplock at the Bishop's-Head in St Paul's Church-Yard;London, :;Historians--England--Biography--Early works to 1800.;1714;M.DCC.XIV. [1714];eng;221944283260007026;;;;;005401106;https://solo.bodleian.ox.ac.uk/discovery/search?query=any,contains,990135290490107026&tab=Everything&search_scope=MyInst_and_CI&vid=44OXF_INST:SOLO;copy-identified;regC-bib-Nicolson1714;S 2.10 Jur.;;;
Weston Library;WESBL;FF 30 Th.;;;Book;990141774800107026;Niemann, Sebastian, 1625-1684, praeses.;Harmonia Evangelica historiæ passionis ... Iesu Christi, cujus partem primam ... exponit m. Caspar Sagittarius ... auctor.;;;Jenæ;;1671;1671;;221972968820007026;Fletcher, Stephen, 1680-1727, seller.;;;"!!! 17th-cenury tooled (fillets only) mottled calf over pasteboards with marbled edges. Shelfmark number written across the fore edge in black ink twice, one partly obscured by ink smudge. Formerly chained; staple-marks of a hasp at the top of the upper cover.; !!! Five lines of a note in latin in an 17/18th-century hand on the first page after the text block.; !!! Fletcher, Stephen, 1680-1727, seller.; !!! Purchased by the Bodleian in 1719 for £0. 2. 0. from Stephen Fletcher, bookseller; see Register C (Library Record c. 854), pencil fol. 10r for 1720, with note on purchase arrangements.; !!! Bookseller's rectangular white paper label at the top of the spine numbered '578' in black ink.; !!! 20 cm.";006159991;https://solo.bodleian.ox.ac.uk/discovery/search?query=any,contains,990141774800107026&tab=Everything&search_scope=MyInst_and_CI&vid=44OXF_INST:SOLO;copy-identified;regC-bib-Niemann1671;;;;
;;8° M 23(3) Linc.;;;;990142815280107026;Norrelius, Andreas;Σχεδίασμα de avibus ... arbeh solam chargol chagab Israelitis Lev. xi. & Deut. xiv. in cibum concessis, quas locustas fuisse vulgò creditur;;;Amst.;;1720;;;;;;;;;;copy-identified;regC-bib-Norrelius1720;;;;
Weston Library;WESBL;FF 33 Th.;;;Book;990146993880107026;Pfeiffer, Augustus.;Augusti Pfeifferi ... Informatorium conscientiæ eucharisticum.;;;Lips.;;1687;1687;;221825409110007026;"Fletcher, Stephen, 1680-1727, seller.; Isham, Zacheus, 1651-1705, former owner.";;;"!!! 17th-cenury tooled (fillets and fleurons) calf over pasteboards with mottled red and green-edged leaves. Shelfmark number written across the fore edge in black ink twice, one partly obscured by ink smudge. Formerly chained; staple-marks of a hasp at the top of the upper cover.; !!! Name and date on page opposite title: ""Z: Isham. 1688"".; !!! Fletcher, Stephen, 1680-1727, seller.; !!! Isham, Zacheus, 1651-1705, former owner.; !!! Bookseller's rectangular white paper label at the top of the spine numbered '508' in black ink.; !!! Bookseller's mark ""d./d."" on back pastedown.; !!! Purchased by the Bodleian in 1719 for £0. 4. 6. from Stephen Fletcher, bookseller; see Register C (Library Record c. 854), pencil fol. 10r for 1720, with note on purchase arrangements.; !!! 21 cm.";006726249;https://solo.bodleian.ox.ac.uk/discovery/search?query=any,contains,990146993880107026&tab=Everything&search_scope=MyInst_and_CI&vid=44OXF_INST:SOLO;copy-identified;regC-bib-Pfeiffer1687;;;;
;;;;;;;Prideaux, Humphrey, 1648-1724 ;The Old and New Testament connected in the history of the Jews and neighbouring nations;;;;;;;;;;;;;;;not-identified;regC-bib-Prideaux;;low;;
Weston Library;WESBL;L 4.4-6 Th.;;;Book;990142752010107026;Prücknerus, Andreas.;Commentarius philologico theologicus in omnes Veteris et Novi Testamenti libros, tam canonicos quam apocryphos.;;;Francof. a. M.;Bible.;1663;1663;;221844448640007026;;;;;006266026;https://solo.bodleian.ox.ac.uk/discovery/search?query=any,contains,990142752010107026&tab=Everything&search_scope=MyInst_and_CI&vid=44OXF_INST:SOLO;copy-identified;regC-bib-Prücknerus1663;;;;
Weston Library;WESBL;M 1.2 Th.;;;Book;990146365220107026;Quétif, Jacques.;Scriptores Ordinis prædicatorum recensiti, opus inchoavit J. Quétif, absolvit J. Echard.;;;Lutet. Par.;;1719;1719;;221635835930007026;;;;;006657759;https://solo.bodleian.ox.ac.uk/discovery/search?query=any,contains,990146365220107026&tab=Everything&search_scope=MyInst_and_CI&vid=44OXF_INST:SOLO;copy-identified;regC-bib-Quétif1719;T 10.1 Th.;;;
Weston Library;WESBL;8° C 64 Jur.;;;Book;990146226100107026;Quintilian.;M. Fabij Quintiliani ... oratoriarū institutionū libri. xij. [With] M. Fabij Quintiliani ... xix. declamationes argustissimæ.;;;Par.;;1527;1527;;221963071990007026;;;;;006642940;https://solo.bodleian.ox.ac.uk/discovery/search?query=any,contains,990146226100107026&tab=Everything&search_scope=MyInst_and_CI&vid=44OXF_INST:SOLO;copy-identified;regC-bib-Quintilian1527;;;;
Weston Library;WESBL;AA 34 Jur.;;;Book;990142074730107026;Renaldini, Carlo conte.;Caroli Renaldinii Opus mathematicum, in quo vtraque algebra nouis præceptis nouis(que) demonstrationibus illustratur. Methodus quoque resolutionis & compositionis mathematicæ copiosiùs ad abstrusiora theoremata enodanda declaratur.;;;Bononiæ;;1655;1655;;221907985750007026;;;;;006193082;https://solo.bodleian.ox.ac.uk/discovery/search?query=any,contains,990142074730107026&tab=Everything&search_scope=MyInst_and_CI&vid=44OXF_INST:SOLO;copy-identified;regC-bib-Renaldini1654;;;;
Weston Library;WESBL;Mus. Bibl. II. 55;;;Book;990144727970107026;Roper, William;"Guilielmi Roperi Vita D. Thomæ Mori Equitis Aurati, lingua Anglicana contexta. : Accedunt, Mori Epistola de scholasticis quibusdam Trojanos sese appellantibus; Academiæ Oxonienses epistolæ et orationes aliquammultæ; anonymi Chronicon Godstovianum; et fenestrarum depictarum ecclesiæ parochialis de Fairford in agro Glocestriensi explicatio.";;;[Oxf.];;1716;1716;;;;;;;;https://solo.bodleian.ox.ac.uk/discovery/search?query=any,contains,990144727970107026&tab=Everything&search_scope=MyInst_and_CI&vid=44OXF_INST:SOLO;copy-identified;regC-bib-Roper1716;8° C 63 Jur.;;;
Weston Library;WESBL;O 3.1 Th.;;;Book;990146444210107026;;Sacred geography contained in six maps.;;;Lond.;Theology Christian sacred works pre20;1716;1716;;221999731720007026;;;;;006665915;https://solo.bodleian.ox.ac.uk/discovery/search?query=any,contains,990146444210107026&tab=Everything&search_scope=MyInst_and_CI&vid=44OXF_INST:SOLO;copy-identified;regC-bib-Sacred1716;S 3.18 Th.;;;
Weston Library;WESBL;AA 28 Jur.;;;Book;990141723020107026;Sannazaro, Jacopo, 1458-1530.;Jacobi ... Sannazarii ... poëmata. Accessit ejusdem vita, J.A. Vulpio auctore, item G. Altilii et H. Fascitelli carmina nonnulla.;;;Patavii;;1719;1719 (1718,19);;221701882660007026;;;;"!!! 18th-century sprinkled and plain blind-tooled panelled calf over pasteboards. Blind-tooled edges. Sprinkled green and red-edged leaves. Shelfmark number written on spine in white and twice across fore edge in black ink, once partly obscured by red ink. Formerly chained; staple marks of a hasp on top of upper cover.; !!! Bought by the Bodleian in 1720 for £ 0-8-6; see Register C (Library Record c. 854), pencil fol. 12.; !!! 25 cm.";006154594;https://solo.bodleian.ox.ac.uk/discovery/search?query=any,contains,990141723020107026&tab=Everything&search_scope=MyInst_and_CI&vid=44OXF_INST:SOLO;copy-identified;regC-bib-Sannazaro1719;;;;
Weston Library;WESBL;Mus. Bibl. II. 62;;;Book;990135051310107026;Sprott, Thomas;Thomæ Sprotti Chronica. E codice antiquo MSto. in bibliotheca praenobilis adolescentis Dni. Edvardi Dering, de Surrenden Dering in agro Cantiano, Baronetti, descripsit ediditque Tho. Hearnius, qui & alia quaedam opuscula, è codicibus MSStis. authenticis à seipso itidem descripta, subjecit.;;E Theatro Sheldoniano;Oxonii;;1719;M.DCC.XIX;;;;;;;;https://solo.bodleian.ox.ac.uk/discovery/search?query=any,contains,990135051310107026&tab=Everything&search_scope=MyInst_and_CI&vid=44OXF_INST:SOLO;copy-identified;regC-bib-Sprott1719;8° A 90 Jur.;;;
Weston Library;WESBL;8° D 60 Jur.;;;Book;990140158990107026;Struve, Burkhard Gotthelf, 1671-1738;Burcardi Gotthelffii Struvi i Introductio ad notitiam rei litteraria & usum bibliothecarum, accessit dissertatio de doctis impostoribus. Huic 3æ ed. accedunt supplementa necessaria et oratio de meritis Germanorum in historiam.;[4th ed.].;;Ienæ;Bibliography Miscellaneous pre20;1715;1715,16;;221692702270007026;;;;"!!! 18th-century sprinkled blind-tooled calf over pasteboards; sprinkled red-edged leaves. Shelfmark written in black ink on fore edge and shelfmark number written in white on the spine.; !!! Bought by the Bodleian in 1720 for £ 0-4-0; see Register C (Library Record c. 854), pencil fol. 12r for 1720.; !!! 17 cm.";005982013;https://solo.bodleian.ox.ac.uk/discovery/search?query=any,contains,990140158990107026&tab=Everything&search_scope=MyInst_and_CI&vid=44OXF_INST:SOLO;copy-identified;regC-bib-Struve1715;;;;
Weston Library;WESBL;P 7.8,9 Th.;;;Book;990147168890107026;Trommius, Abraham.;Abrahami Trommii Concerdantiæ Græcæ versionis vulgo dictæ LXX interpretum, cujus voces secundum ordinem elementorum sermonis Græci digestæ recensentur, contra atque in opere Kircheriano factum fuerat.;;;Amst. &c.;Bible. Old Testament Concordances.;1718;1718;;221671418140007026;;;;;006745341;https://solo.bodleian.ox.ac.uk/discovery/search?query=any,contains,990147168890107026&tab=Everything&search_scope=MyInst_and_CI&vid=44OXF_INST:SOLO;copy-identified;regC-bib-Trommius1718;R 7.11,12 Th.;;;
Weston Library;WESBL;fol. BS. 50;;;Book;990135521710107026;Trott, Nicholas, 1663-1740;[Mafteaḥ leshon ha-ḳodesh] = Clavis linguæ sanctæ, : continens grammaticalem explicationem 564. Versiculorum ex Libro Psalmorum, & 546. Versiculorum ex cæteris libris Veteris Testamenti: in quibus omnes radices purè Hebraicæ Veteris Testamenti, cum nonnullis radicibus Chaldaicis (occurrentibus tamen in libris Hebraicis) inveniuntur: & in hac clave referantur, & juxta grammaticas regulas, resolvuntur, & explicantur.;;;Oxonii;;1719;1719;;;;;;;;https://solo.bodleian.ox.ac.uk/discovery/search?query=any,contains,990135521710107026&tab=Everything&search_scope=MyInst_and_CI&vid=44OXF_INST:SOLO;copy-identified;regC-bib-Trott1719;C 11.16 Th.;;;
Weston Library;WESBL;AA 29 Jur.;;;Book;990141463910107026;Valier, Agostino card.;Augustini Valerii ... opusculum ... de cautione adhibenda in edendis libris. Nec non Bernardi cardinalis Naugerii vita, eodem Valerio auctore. Accessere P. Barrocii orationes tres. Nonnullae item aliae patriciorum Venetorum.;;;Patavii;;1719;1719;;221753195100007026;;;;"!!! 18th-century sprinkled and plain blind-tooled panelled calf over pasteboards. Blind-tooled edges. Sprinkled green and red-edged leaves. Shelfmark number written on spine in white and twice across fore edge in black ink, once partly obscured by red ink. Formerly chained; staple marks of a hasp on top of upper cover.; !!! Bought by the Bodleian in 1720 for £ 0-6-6 (for three volumes); see Register C (Library Record c. 854), pencil fol. 12.; !!! 25 cm.";006125094;https://solo.bodleian.ox.ac.uk/discovery/search?query=any,contains,990141463910107026&tab=Everything&search_scope=MyInst_and_CI&vid=44OXF_INST:SOLO;copy-identified;regC-bib-Valier1719;;;;
Weston Library;WESBL;AA 40,41 Jur.;;;Book;990143584850107026;Vertot, abbé de, 1655-1735.;The history of the revolutions that happened in the government of the Roman republic, English'd by mr. Ozell and others.;;;Lond.;History Italy Roman period pre20;1720;1720;;221718703330007026;;;;;006356449;https://solo.bodleian.ox.ac.uk/discovery/search?query=any,contains,990143584850107026&tab=Everything&search_scope=MyInst_and_CI&vid=44OXF_INST:SOLO;copy-identified;regC-bib-Vertot1720;;;;"the edition subscibed to is likely the 1722 edition; the book is not registered in the entries for 1722sq. The copy in II 29 Art. has another provenance; however, J. Bowles is listed as a subscriber in the edition."
Weston Library;WESBL;A 7.11,12 Th.;;;Book;990143810580107026;Vitringa, Campegius, 1659-1722;Commentarius in librum prophetiarum Iesaiæ: cum prolegomenis.;;;Leovardiæ;Isaiah--(Biblical prophet);1714;1714,20;;221927535020007026;;;;;006380280;https://solo.bodleian.ox.ac.uk/discovery/search?query=any,contains,990143810580107026&tab=Everything&search_scope=MyInst_and_CI&vid=44OXF_INST:SOLO;copy-identified;regC-bib-Vitringa1714;M 5.11,12 Th.;;;
Weston Library;WESBL;8° D 52 Jur.;;8° D 52 Jur.;Book;990135410410107026;Willis, Browne, 1682-1760.;A survey of the Cathedral Church of St. David's, and the edifices belonging to it, as they stood in the year 1715. : To which is added, some memoirs relating thereto and the country adjacent, from a MS wrote about the latter end of Queen Elizabeth's reign. Together, with an account of the arch-bishops, bishops, precentors, chancellors, treasurers, and arch-deacons of the See of St. David's. /;;Printed for R Gosling at the Mitre and Crown against St Dunstan's Church in Fleet-street;London: :;St. Davids Cathedral--Early works to 1800.;1717;1717..;eng;222023677550007026;;;;"!!! 18th-century sprinkled blind-tooled calf over pasteboards; blind-tooled edges; sprinkled red-edged leaves. Shelfmark written in black ink on fore-edge. Bookbinder's sign (?) in black ink on rear pastedown.; !!! Bought by the Bodleian in 1720 for £ 0-6-0; see Register C (Library Record c. 854), pencil fol. 12r for 1720.; !!! 21 cm.";005429330;https://solo.bodleian.ox.ac.uk/discovery/search?query=any,contains,990135410410107026&tab=Everything&search_scope=MyInst_and_CI&vid=44OXF_INST:SOLO;copy-identified;regC-bib-Willis1717;;;;
Weston Library;WESBL;8° D 50 Jur.;;v.1;Book;990135407150107026;Willis, Browne, 1682-1760.;"An history of the mitred Parliamentary abbies, and conventual cathedral churches. : Shewing the times of their respective foundations, and what alterations they have undergone. With some descriptions of their monuments, and dimensions of their buildings, &c. Together with a catalogue of their abbats, priors, &c. To which are annexed, several other lists of the principals of divers monasteries; the number of monks at the surrender, and the names of the last abbats, priors, &c. who signed the same; as far as they have come to hand. With an exact account of those religious men and women, and chantry priests, receiving pensions throughout England and Wales, An. 1553. A work, among other uses, necessary to give light to several charters sans date; and helpful to such who shall treat of families and dignified persons. For whose benefit are subjoined large indexes. The whole extracted out of very curious manuscripts, &c. which have been many years colecting by the most eminent antiquaries; and faithfully published. /";;Printed by W Bowyer for R Gosling at the Miter and Crown against St Dunstan's Church in Fleetstreet;London, :;"Abbeys--England--Early works to 1800.; Cathedrals--England--Early works to 1800.; England--Church history--Early works to 1800.";1718;1718. [-MDCCXIX.].;eng;222023630790007026;;;;"!!! Rectangular white paper booklabel of the Bodleian Library (1960s/70s).; !!! 18th-century sprinkled blind-tooled calf over pasteboards; blind-tooled edges; sprinkled red-edged leaves. Shelfmark written in black ink on fore-edge and shelfmark number written in white on spine. Bookbinder's sign (?) on rear pastedown in black ink with '2 vol.'.; !!! Bought by the Bodleian in 1720 for £ 1-8-0 (for both volumes); see Register C (Library Record c. 854), pencil fol. 12r for 1720.; !!! 21 cm.";010417353;https://solo.bodleian.ox.ac.uk/discovery/search?query=any,contains,990135407150107026&tab=Everything&search_scope=MyInst_and_CI&vid=44OXF_INST:SOLO;copy-identified;regC-bib-Willis1718;;;;
Weston Library;WESBL;8° D 53 Jur.;;8° D 53 Jur.;Book;990135407100107026;Willis, Browne, 1682-1760;"A survey of the Cathedral-Church of Landaff. : Containing the inscriptions upon the monuments, with an account of the bishops and other dignitaries belonging to the same; what other preferments they enjoy'd; and the times of their decease, places of burial, and epitaphs. To which is subjoin'd a large appendix of records, and other curious matters relating thereto. /";;Printed for R Gosling at the Mitre and Crown against StDunstan's Church in Fleetstreet;London: :;"Llandaff Cathedral (Llandaff, Wales); Church of England.--Diocese of Llandaff; Saint David's (Wales : Diocese)--History.";1719;1719..;eng;222023614690007026;;;;"!!! 18th-century sprinkled blind-tooled calf over pasteboards; blind-tooled edges; sprinkled red-edged leaves. Shelfmark written in black ink on fore-edge. Bookbinder's sign (?) in black ink on rear pastedown.; !!! Bought by the Bodleian in 1720 for £ 0-6-0; see Register C (Library Record c. 854), pencil fol. 12r for 1720.; !!! 21 cm.";005428541;https://solo.bodleian.ox.ac.uk/discovery/search?query=any,contains,990135407100107026&tab=Everything&search_scope=MyInst_and_CI&vid=44OXF_INST:SOLO;copy-identified;regC-bib-Willis1719;;;;
Weston Library;WESBL;8° D 54 Jur.;;8° D 54 Jur.;Book;990147362170107026;Willis, Browne.;A survey of the cathedral-church of St. Asaph: and the edifices belonging to it.;;;Lond.;"Association copies (Provenance)--Gough; Geography Wales pre20";1720;1720;;221888739330007026;"Bought by the Bodleian in 1720 for £ 0-7-0; see Register C (Library Record c. 854), pencil fol. 12r for 1720.";;;"!!! 18th-century sprinkled blind-tooled calf over pasteboards; blind-tooled edges; sprinkled red-edged leaves. Shelfmark written in black ink on fore-edge. Bookbinder's sign (?) in black ink on rear pastedown.; !!! Bought by the Bodleian in 1720 for £ 0-7-0; see Register C (Library Record c. 854), pencil fol. 12r for 1720.; !!! 21 cm.";006766658;https://solo.bodleian.ox.ac.uk/discovery/search?query=any,contains,990147362170107026&tab=Everything&search_scope=MyInst_and_CI&vid=44OXF_INST:SOLO;copy-identified;regC-bib-Willis1720;;;;
;;8° M 23(2) Linc.;;;;990138918090107026;Zohar;Phosphorus orthodoxæ fidei veterum Cabbalistarum seu Testimonia de sacro sancta Trinitate et Messia Deo et Homine, ex pervetusto libro Sohar deprompta, quæ nunc primum Lat. reddita ed. A. Norrelius;;;Amst.;;1720;;;;;;;;;;copy-identified;regC-bib-Zohar1720;;;;
